,Name,Review_score,Review_number,Rank,Sales
0,Triumph Doreen X Bra,4.4 out of 5 stars,"6,134",#1,413
1,Duufin 5 Pieces Bralette Lace Padded Bralette Lace Bandeau Bra Tube Bra Lace Top with Straps and Removable Pads for Women Girls,3.8 out of 5 stars,"29,242",#2,2144
2,Blu Apparel Multipack Seamless Comfort Bras for Everyday Wear Non Padded No Underwire Maternity Sleep Bra,4.2 out of 5 stars,"4,108",#3,33
3,Ayigedu Ladies Plus Size Bra Minimiser Lace Full Coverage Firm Hold Non Padded Non Wired,4.2 out of 5 stars,"1,196",#4,43
4,Calvin Klein Underwear Women Triangle Bra - Modern Cotton,4.6 out of 5 stars,"1,208",#5,4681
5,UtopyaUK 3 6 9 Pack Comfort Bra Women Girls Crop Top Seamless Bra Sleep Yoga Bralette Stretch Bras Sports Vest Wireless Post Surgery Bra Wire Free,4.3 out of 5 stars,"4,488",#6,386
6,BQTQ 5 Pieces Camisole Bras for Women V Neck Camisole Bralettes Seamless Sleeping Bra with Straps and Removable Pads for Women Girls,4.4 out of 5 stars,"18,157",#7,335
7,Ayigedu Women's Underwire Bra Non-Padded Floral Lace Plus Size Full Coverage Minimizer,4.3 out of 5 stars,125,#8,13
8,Ayigedu UK Women's Underwire Bra Lace Non Padded Plus Size Full Coverage Minimizer Bras,4.2 out of 5 stars,408,#9,52
9,Gemm Front Fastening Bras for Women Non Wired Post Surgery Soft Cotton Lycra Bra,4.1 out of 5 stars,307,#10,7
10,Triumph Women's Delicate Doreen Non-Wired Everyday Bra,4.3 out of 5 stars,"2,336",#11,186
11,Calvin Klein Women's T-Shirt Bra-Perfectly Fit Flex,4.5 out of 5 stars,"1,677",#12,2310
12,Ayigedu UK Plus Size Minimiser Bra Women Non-Wired Non-Padded Full Coverage Soft Cup Bra,4.1 out of 5 stars,302,#13,1
13,MELENECA Women's Front Fastening Racerback Plus Size Stretch Lace Underwire Unlined Bras,4.1 out of 5 stars,"3,714",#14,5
14,sloggi Women's Double Comfort Crop Top. A classic top made from extra-soft cotton for breathability and comfort,4.5 out of 5 stars,"1,098",#15,12
15,FallSweet Add 2 Cups Bras Brassiere for Women Push Up Padded Unlined,4.3 out of 5 stars,"3,506",#16,
16,"Geyoga 4 Pieces Strapless Bandeau Bra, Seamless Bralettes Stretchy Non-Padded Bandeau Tube Top Bra for Women",4.3 out of 5 stars,"4,543",#17,
17,WingsLove Women's Push up Bra Floral Lace Padded Underwire Bra Demi Plunge,4.0 out of 5 stars,"7,495",#18,
18,DotVol Women's Deep Plunge Bra Convertible Push up Low Cut Seamless U Bra,4.3 out of 5 stars,"4,218",#19,
19,Delimira Women's Full Coverage Non-Foam Floral Lace Plus Size Underwired Bra,4.2 out of 5 stars,227,#20,
20,WingsLove Push Up Bra Sexy Deep V Plunge Add 2 Cups Bras Underwire T-Shirt Bra Multiway,4.3 out of 5 stars,"15,811",#21,
21,Triumph Women's Wired Padded Bra,4.3 out of 5 stars,"3,299",#22,
22,Fantasie Speciality Full Cup Bra,4.4 out of 5 stars,"1,670",#23,
23,Duufin 6 Pieces Lace Bra Padded Bralette Bandeau Bra Straps Tube Bra with Removable Pads for Women Girls,4.5 out of 5 stars,"1,410",#24,
24,Sloggi Women's Zero Feel Bralette Print Ex Bustier,3.8 out of 5 stars,"11,735",#25,
25,MIERSIDE Women's Plus Size Minimiser Bra No-Padded Underwire Bra Cotton Bra,4.1 out of 5 stars,"7,719",#26,
26,Iris & Lilly Women's Microfibre Strapless Bra,4.0 out of 5 stars,"2,105",#27,
27,DOBREVA Women's Push Up Bra Front Fastening Lace Padded Plunge Underwired Racer Back Bras,4.2 out of 5 stars,"4,783",#28,
28,Curvy Kate Women Victory Balcony Everyday Bra,4.2 out of 5 stars,"8,215",#29,
29,Padded Bra,4.0 out of 5 stars,"1,422",#30,
